state_id,fips,population
AL,00001,4903185
AL,01001,55869
AL,01003,223234
AL,01005,24686
AL,01007,22394
AL,01009,57826
AL,01011,10101
AL,01013,19448
AL,01015,113605
AL,01017,33254
AL,01019,26196
AL,01021,44428
AL,01023,12589
AL,01025,23622
AL,01027,13235
AL,01029,14910
AL,01031,52342
AL,01033,55241
AL,01035,12067
AL,01037,10663
AL,01039,37049
AL,01041,13772
AL,01043,83768
AL,01045,49172
AL,01047,37196
AL,01049,71513
AL,01051,81209
AL,01053,36633
AL,01055,102268
AL,01057,16302
AL,01059,31362
AL,01061,26271
AL,01063,8111
AL,01065,14651
AL,01067,17205
AL,01069,105882
AL,01071,51626
AL,01073,658573
AL,01075,13805
AL,01077,92729
AL,01079,32924
AL,01081,164542
AL,01083,98915
AL,01085,9726
AL,01087,18068
AL,01089,372909
AL,01091,18863
AL,01093,29709
AL,01095,96774
AL,01097,413210
AL,01099,20733
AL,01101,226486
AL,01103,119679
AL,01105,8923
AL,01107,19930
AL,01109,33114
AL,01111,22722
AL,01113,57961
AL,01115,89512
AL,01117,217702
AL,01119,12427
AL,01121,79978
AL,01123,40367
AL,01125,209355
AL,01127,63521
AL,01129,16326
AL,01131,10373
AL,01133,23629
AK,00002,731545
AK,02013,3337
AK,02016,5634
AK,02020,288000
AK,02050,18386
AK,02060,836
AK,02063,7372
AK,02066,1929
AK,02068,2097
AK,02070,4916
AK,02090,96849
AK,02100,2530
AK,02105,2148
AK,02110,31974
AK,02122,58708
AK,02130,13901
AK,02150,12998
AK,02158,8314
AK,02164,1592
AK,02170,108317
AK,02180,10004
AK,02185,9832
AK,02188,7621
AK,02195,3266
AK,02198,6203
AK,02220,8493
AK,02230,1183
AK,02240,6893
AK,02275,2502
AK,02282,579
AK,02290,5230
AZ,00004,7278717
AZ,04001,71887
AZ,04003,125922
AZ,04005,143476
AZ,04007,54018
AZ,04009,38837
AZ,04011,9498
AZ,04012,21108
AZ,04013,4485414
AZ,04015,212181
AZ,04017,110924
AZ,04019,1047279
AZ,04021,462789
AZ,04023,46498
AZ,04025,235099
AZ,04027,213787
AR,00005,3017804
AR,05001,17486
AR,05003,19657
AR,05005,41932
AR,05007,279141
AR,05009,37432
AR,05011,10763
AR,05013,5189
AR,05015,28380
AR,05017,10118
AR,05019,22320
AR,05021,14551
AR,05023,24919
AR,05025,7956
AR,05027,23457
AR,05029,20846
AR,05031,110332
AR,05033,63257
AR,05035,47955
AR,05037,16419
AR,05039,7009
AR,05041,11361
AR,05043,18219
AR,05045,126007
AR,05047,17715
AR,05049,12477
AR,05051,99386
AR,05053,18265
AR,05055,45325
AR,05057,21532
AR,05059,33771
AR,05061,13202
AR,05063,37825
AR,05065,13629
AR,05067,16719
AR,05069,66824
AR,05071,26578
AR,05073,6624
AR,05075,16406
AR,05077,8857
AR,05079,13024
AR,05081,12259
AR,05083,21466
AR,05085,73309
AR,05087,16576
AR,05089,16694
AR,05091,43257
AR,05093,40651
AR,05095,6701
AR,05097,8986
AR,05099,8252
AR,05101,7753
AR,05103,23382
AR,05105,10455
AR,05107,17782
AR,05109,10718
AR,05111,23528
AR,05113,19964
AR,05115,64072
AR,05117,8062
AR,05119,391911
AR,05121,17958
AR,05123,24994
AR,05125,122437
AR,05127,10281
AR,05129,7881
AR,05131,127827
AR,05133,17007
AR,05135,17442
AR,05137,12506
AR,05139,38682
AR,05141,16545
AR,05143,239187
AR,05145,78753
AR,05147,6320
AR,05149,21341
CA,00006,39512223
CA,06001,1671329
CA,06003,1129
CA,06005,39752
CA,06007,219186
CA,06009,45905
CA,06011,21547
CA,06013,1153526
CA,06015,27812
CA,06017,192843
CA,06019,999101
CA,06021,28393
CA,06023,135558
CA,06025,181215
CA,06027,18039
CA,06029,900202
CA,06031,152940
CA,06033,64386
CA,06035,30573
CA,06037,10039107
CA,06039,157327
CA,06041,258826
CA,06043,17203
CA,06045,86749
CA,06047,277680
CA,06049,8841
CA,06051,14444
CA,06053,434061
CA,06055,137744
CA,06057,99755
CA,06059,3175692
CA,06061,398329
CA,06063,18807
CA,06065,2470546
CA,06067,1552058
CA,06069,62808
CA,06071,2180085
CA,06073,3338330
CA,06075,881549
CA,06077,762148
CA,06079,283111
CA,06081,766573
CA,06083,446499
CA,06085,1927852
CA,06087,273213
CA,06089,180080
CA,06091,3005
CA,06093,43539
CA,06095,447643
CA,06097,494336
CA,06099,550660
CA,06101,96971
CA,06103,65084
CA,06105,12285
CA,06107,466195
CA,06109,54478
CA,06111,846006
CA,06113,220500
CA,06115,78668
CO,00008,5758736
CO,08001,517421
CO,08003,16233
CO,08005,656590
CO,08007,14029
CO,08009,3581
CO,08011,5577
CO,08013,326196
CO,08014,70465
CO,08015,20356
CO,08017,1831
CO,08019,9700
CO,08021,8205
CO,08023,3887
CO,08025,6061
CO,08027,5068
CO,08029,31162
CO,08031,727211
CO,08033,2055
CO,08035,351154
CO,08037,55127
CO,08039,26729
CO,08041,720403
CO,08043,47839
CO,08045,60061
CO,08047,6243
CO,08049,15734
CO,08051,17462
CO,08053,820
CO,08055,6897
CO,08057,1392
CO,08059,582881
CO,08061,1406
CO,08063,7097
CO,08065,8127
CO,08067,56221
CO,08069,356899
CO,08071,14506
CO,08073,5701
CO,08075,22409
CO,08077,154210
CO,08079,769
CO,08081,13283
CO,08083,26183
CO,08085,42758
CO,08087,29068
CO,08089,18278
CO,08091,4952
CO,08093,18845
CO,08095,4265
CO,08097,17767
CO,08099,12172
CO,08101,168424
CO,08103,6324
CO,08105,11267
CO,08107,25638
CO,08109,6824
CO,08111,728
CO,08113,8179
CO,08115,2248
CO,08117,31011
CO,08119,25388
CO,08121,4908
CO,08123,324492
CO,08125,10019
CT,00009,3565287
CT,09001,943332
CT,09003,891720
CT,09005,180333
CT,09007,162436
CT,09009,854757
CT,09011,265206
CT,09013,150721
CT,09015,116782
DE,00010,973764
DE,10001,180786
DE,10003,558753
DE,10005,234225
DC,00011,705749
DC,11001,705749
FL,00012,21477737
FL,12001,269043
FL,12003,29210
FL,12005,174705
FL,12007,28201
FL,12009,601942
FL,12011,1952778
FL,12013,14105
FL,12015,188910
FL,12017,149657
FL,12019,219252
FL,12021,384902
FL,12023,71686
FL,12027,38001
FL,12029,16826
FL,12031,957755
FL,12033,318316
FL,12035,115081
FL,12037,12125
FL,12039,45660
FL,12041,18582
FL,12043,13811
FL,12045,13639
FL,12047,14428
FL,12049,26937
FL,12051,42022
FL,12053,193920
FL,12055,106221
FL,12057,1471968
FL,12059,19617
FL,12061,159923
FL,12063,46414
FL,12065,14246
FL,12067,8422
FL,12069,367118
FL,12071,770577
FL,12073,293582
FL,12075,41503
FL,12077,8354
FL,12079,18493
FL,12081,403253
FL,12083,365579
FL,12085,161000
FL,12086,2716940
FL,12087,74228
FL,12089,88625
FL,12091,210738
FL,12093,42168
FL,12095,1393452
FL,12097,375751
FL,12099,1496770
FL,12101,553947
FL,12103,974996
FL,12105,724777
FL,12107,74521
FL,12109,264672
FL,12111,328297
FL,12113,184313
FL,12115,433742
FL,12117,471826
FL,12119,132420
FL,12121,44417
FL,12123,21569
FL,12125,15237
FL,12127,553284
FL,12129,33739
FL,12131,74071
FL,12133,25473
GA,00013,10617423
GA,13001,18386
GA,13003,8165
GA,13005,11164
GA,13007,3038
GA,13009,44890
GA,13011,19234
GA,13013,83240
GA,13015,107738
GA,13017,16700
GA,13019,19397
GA,13021,153159
GA,13023,12873
GA,13025,19109
GA,13027,15457
GA,13029,39627
GA,13031,79608
GA,13033,22383
GA,13035,24936
GA,13037,6189
GA,13039,54666
GA,13043,10803
GA,13045,119992
GA,13047,67580
GA,13049,13392
GA,13051,289430
GA,13053,10907
GA,13055,24789
GA,13057,258773
GA,13059,128331
GA,13061,2834
GA,13063,292256
GA,13065,6618
GA,13067,760141
GA,13069,43273
GA,13071,45600
GA,13073,156714
GA,13075,17270
GA,13077,148509
GA,13079,12404
GA,13081,22372
GA,13083,16116
GA,13085,26108
GA,13087,26404
GA,13089,759297
GA,13091,20605
GA,13093,13390
GA,13095,87956
GA,13097,146343
GA,13099,10190
GA,13101,4006
GA,13103,64296
GA,13105,19194
GA,13107,22646
GA,13109,10654
GA,13111,26188
GA,13113,114421
GA,13115,98498
GA,13117,244252
GA,13119,23349
GA,13121,1063937
GA,13123,31369
GA,13125,2971
GA,13127,85292
GA,13129,57963
GA,13131,24633
GA,13133,18324
GA,13135,936250
GA,13137,45328
GA,13139,204441
GA,13141,8457
GA,13143,29792
GA,13145,35236
GA,13147,26205
GA,13149,11923
GA,13151,234561
GA,13153,157863
GA,13155,9416
GA,13157,72977
GA,13159,14219
GA,13161,15115
GA,13163,15362
GA,13165,8676
GA,13167,9643
GA,13169,28735
GA,13171,19077
GA,13173,10423
GA,13175,47546
GA,13177,29992
GA,13179,61435
GA,13181,7921
GA,13183,19559
GA,13185,117406
GA,13187,33610
GA,13189,21312
GA,13191,14378
GA,13193,12947
GA,13195,29880
GA,13197,8359
GA,13199,21167
GA,13201,5718
GA,13205,21863
GA,13207,27578
GA,13209,9172
GA,13211,19276
GA,13213,40096
GA,13215,195769
GA,13217,111744
GA,13219,40280
GA,13221,15259
GA,13223,168667
GA,13225,27546
GA,13227,32591
GA,13229,19465
GA,13231,18962
GA,13233,42613
GA,13235,11137
GA,13237,22119
GA,13239,2299
GA,13241,17137
GA,13243,6778
GA,13245,202518
GA,13247,90896
GA,13249,5257
GA,13251,13966
GA,13253,8090
GA,13255,66703
GA,13257,25925
GA,13259,6621
GA,13261,29524
GA,13263,6195
GA,13265,1537
GA,13267,25286
GA,13269,8020
GA,13271,15860
GA,13273,8531
GA,13275,44451
GA,13277,40644
GA,13279,26830
GA,13281,12037
GA,13283,6901
GA,13285,69922
GA,13287,7985
GA,13289,8120
GA,13291,24511
GA,13293,26320
GA,13295,69761
GA,13297,94593
GA,13299,35734
GA,13301,5254
GA,13303,20374
GA,13305,29927
GA,13307,2607
GA,13309,7855
GA,13311,30798
GA,13313,104628
GA,13315,8635
GA,13317,9777
GA,13319,8954
GA,13321,20247
HI,00015,1415872
HI,15001,201513
HI,15003,974563
HI,15005,86
HI,15007,72293
HI,15009,167417
ID,00016,1787065
ID,16001,481587
ID,16003,4294
ID,16005,87808
ID,16007,6125
ID,16009,9298
ID,16011,46811
ID,16013,23021
ID,16015,7831
ID,16017,45739
ID,16019,119062
ID,16021,12245
ID,16023,2597
ID,16025,1106
ID,16027,229849
ID,16029,7155
ID,16031,24030
ID,16033,845
ID,16035,8756
ID,16037,4315
ID,16039,27511
ID,16041,13876
ID,16043,13099
ID,16045,18112
ID,16047,15179
ID,16049,16667
ID,16051,29871
ID,16053,24412
ID,16055,165697
ID,16057,40108
ID,16059,8027
ID,16061,3838
ID,16063,5366
ID,16065,39907
ID,16067,21039
ID,16069,40408
ID,16071,4531
ID,16073,11823
ID,16075,23951
ID,16077,7681
ID,16079,12882
ID,16081,12142
ID,16083,86878
ID,16085,11392
ID,16087,10194
IL,00017,12671821
IL,17001,65435
IL,17003,5761
IL,17005,16426
IL,17007,53544
IL,17009,6578
IL,17011,32628
IL,17013,4739
IL,17015,14305
IL,17017,12147
IL,17019,209689
IL,17021,32304
IL,17023,15441
IL,17025,13184
IL,17027,37562
IL,17029,50621
IL,17031,5150233
IL,17033,18667
IL,17035,10766
IL,17037,104897
IL,17039,15638
IL,17041,19465
IL,17043,922921
IL,17045,17161
IL,17047,6395
IL,17049,34008
IL,17051,21336
IL,17053,12961
IL,17055,38469
IL,17057,34340
IL,17059,4828
IL,17061,12969
IL,17063,51054
IL,17065,8116
IL,17067,17708
IL,17069,3821
IL,17071,6646
IL,17073,48913
IL,17075,27114
IL,17077,56750
IL,17079,9610
IL,17081,37684
IL,17083,21773
IL,17085,21235
IL,17087,12417
IL,17089,532403
IL,17091,109862
IL,17093,128990
IL,17095,49699
IL,17097,696535
IL,17099,108669
IL,17101,15678
IL,17103,34096
IL,17105,35648
IL,17107,28618
IL,17109,29682
IL,17111,307774
IL,17113,171517
IL,17115,104009
IL,17117,44926
IL,17119,262966
IL,17121,37205
IL,17123,11438
IL,17125,13359
IL,17127,13772
IL,17129,12196
IL,17131,15437
IL,17133,34637
IL,17135,28414
IL,17137,33658
IL,17139,14501
IL,17141,50643
IL,17143,179179
IL,17145,20916
IL,17147,16344
IL,17149,15561
IL,17151,4177
IL,17153,5335
IL,17155,5739
IL,17157,31782
IL,17159,15513
IL,17161,141879
IL,17163,259686
IL,17165,23491
IL,17167,194672
IL,17169,6768
IL,17171,4951
IL,17173,21634
IL,17175,5342
IL,17177,44498
IL,17179,131803
IL,17181,16653
IL,17183,75758
IL,17185,11520
IL,17187,16844
IL,17189,13887
IL,17191,16215
IL,17193,13537
IL,17195,55175
IL,17197,690743
IL,17199,66597
IL,17201,282572
IL,17203,38459
IN,00018,6732219
IN,18001,35777
IN,18003,379299
IN,18005,83779
IN,18007,8748
IN,18009,11758
IN,18011,67843
IN,18013,15092
IN,18015,20257
IN,18017,37689
IN,18019,118302
IN,18021,26225
IN,18023,32399
IN,18025,10577
IN,18027,33351
IN,18029,49458
IN,18031,26559
IN,18033,43475
IN,18035,114135
IN,18037,42736
IN,18039,206341
IN,18041,23102
IN,18043,78522
IN,18045,16346
IN,18047,22758
IN,18049,19974
IN,18051,33659
IN,18053,65769
IN,18055,31922
IN,18057,338011
IN,18059,78168
IN,18061,40515
IN,18063,170311
IN,18065,47972
IN,18067,82544
IN,18069,36520
IN,18071,44231
IN,18073,33562
IN,18075,20436
IN,18077,32308
IN,18079,27735
IN,18081,158167
IN,18083,36594
IN,18085,79456
IN,18087,39614
IN,18089,485493
IN,18091,109888
IN,18093,45370
IN,18095,129569
IN,18097,964582
IN,18099,46258
IN,18101,10255
IN,18103,35516
IN,18105,148431
IN,18107,38338
IN,18109,70489
IN,18111,13984
IN,18113,47744
IN,18115,5875
IN,18117,19646
IN,18119,20799
IN,18121,16937
IN,18123,19169
IN,18125,12389
IN,18127,170389
IN,18129,25427
IN,18131,12353
IN,18133,37576
IN,18135,24665
IN,18137,28324
IN,18139,16581
IN,18141,271826
IN,18143,23873
IN,18145,44729
IN,18147,20277
IN,18149,22995
IN,18151,34594
IN,18153,20669
IN,18155,10751
IN,18157,195732
IN,18159,15148
IN,18161,7054
IN,18163,181451
IN,18165,15498
IN,18167,107038
IN,18169,30996
IN,18171,8265
IN,18173,62998
IN,18175,28036
IN,18177,65884
IN,18179,28296
IN,18181,24102
IN,18183,33964
IA,00019,3155070
IA,19001,7152
IA,19003,3602
IA,19005,13687
IA,19007,12426
IA,19009,5496
IA,19011,25645
IA,19013,131228
IA,19015,26234
IA,19017,25062
IA,19019,21175
IA,19021,19620
IA,19023,14439
IA,19025,9668
IA,19027,20165
IA,19029,12836
IA,19031,18627
IA,19033,42450
IA,19035,11235
IA,19037,11933
IA,19039,9395
IA,19041,16016
IA,19043,17549
IA,19045,46429
IA,19047,16820
IA,19049,93453
IA,19051,9000
IA,19053,7870
IA,19055,17011
IA,19057,38967
IA,19059,17258
IA,19061,97311
IA,19063,9208
IA,19065,19650
IA,19067,15642
IA,19069,10070
IA,19071,6960
IA,19073,8888
IA,19075,12232
IA,19077,10689
IA,19079,14773
IA,19081,10630
IA,19083,16846
IA,19085,14049
IA,19087,19954
IA,19089,9158
IA,19091,9558
IA,19093,6860
IA,19095,16184
IA,19097,19439
IA,19099,37185
IA,19101,18295
IA,19103,151140
IA,19105,20681
IA,19107,10246
IA,19109,14813
IA,19111,33657
IA,19113,226706
IA,19115,11035
IA,19117,8600
IA,19119,11755
IA,19121,16338
IA,19123,22095
IA,19125,33253
IA,19127,39369
IA,19129,15109
IA,19131,10586
IA,19133,8615
IA,19135,7707
IA,19137,9917
IA,19139,42664
IA,19141,13753
IA,19143,5958
IA,19145,15107
IA,19147,8886
IA,19149,25177
IA,19151,6619
IA,19153,490161
IA,19155,93206
IA,19157,18504
IA,19159,4894
IA,19161,9721
IA,19163,172943
IA,19165,11454
IA,19167,34855
IA,19169,97117
IA,19171,16854
IA,19173,6121
IA,19175,12241
IA,19177,7044
IA,19179,34969
IA,19181,51466
IA,19183,21965
IA,19185,6441
IA,19187,35904
IA,19189,10354
IA,19191,19991
IA,19193,103107
IA,19195,7381
IA,19197,12562
KS,00020,2913314
KS,20001,12369
KS,20003,7858
KS,20005,16073
KS,20007,4427
KS,20009,25779
KS,20011,14534
KS,20013,9564
KS,20015,66911
KS,20017,2648
KS,20019,3250
KS,20021,19939
KS,20023,2657
KS,20025,1994
KS,20027,8002
KS,20029,8786
KS,20031,8179
KS,20033,1700
KS,20035,34908
KS,20037,38818
KS,20039,2827
KS,20041,18466
KS,20043,7600
KS,20045,122259
KS,20047,2798
KS,20049,2530
KS,20051,28553
KS,20053,6102
KS,20055,36467
KS,20057,33619
KS,20059,25544
KS,20061,31670
KS,20063,2636
KS,20065,2482
KS,20067,7150
KS,20069,5988
KS,20071,1232
KS,20073,5982
KS,20075,2539
KS,20077,5436
KS,20079,34429
KS,20081,3968
KS,20083,1794
KS,20085,13171
KS,20087,19043
KS,20089,2879
KS,20091,602401
KS,20093,3838
KS,20095,7152
KS,20097,2475
KS,20099,19618
KS,20101,1535
KS,20103,81758
KS,20105,2962
KS,20107,9703
KS,20109,2794
KS,20111,33195
KS,20113,28542
KS,20115,11884
KS,20117,9707
KS,20119,4033
KS,20121,34237
KS,20123,5979
KS,20125,31829
KS,20127,5620
KS,20129,2587
KS,20131,10231
KS,20133,16007
KS,20135,2750
KS,20137,5361
KS,20139,15949
KS,20141,3421
KS,20143,5704
KS,20145,6414
KS,20147,5234
KS,20149,24383
KS,20151,9164
KS,20153,2530
KS,20155,61998
KS,20157,4636
KS,20159,9537
KS,20161,74232
KS,20163,4920
KS,20165,3036
KS,20167,6856
KS,20169,54224
KS,20171,4823
KS,20173,516042
KS,20175,21428
KS,20177,176875
KS,20179,2521
KS,20181,5917
KS,20183,3583
KS,20185,4156
KS,20187,2006
KS,20189,5485
KS,20191,22836
KS,20193,7777
KS,20195,2803
KS,20197,6931
KS,20199,1518
KS,20201,5406
KS,20203,2119
KS,20205,8525
KS,20207,3138
KS,20209,165429
KY,00021,4467673
KY,21001,19202
KY,21003,21315
KY,21005,22747
KY,21007,7888
KY,21009,44249
KY,21011,12500
KY,21013,26032
KY,21015,133581
KY,21017,19788
KY,21019,46718
KY,21021,30060
KY,21023,8303
KY,21025,12630
KY,21027,20477
KY,21029,81676
KY,21031,12879
KY,21033,12747
KY,21035,39001
KY,21037,93584
KY,21039,4760
KY,21041,10631
KY,21043,26797
KY,21045,16159
KY,21047,70461
KY,21049,36263
KY,21051,19901
KY,21053,10218
KY,21055,8806
KY,21057,6614
KY,21059,101511
KY,21061,12150
KY,21063,7517
KY,21065,14106
KY,21067,323152
KY,21069,14581
KY,21071,35589
KY,21073,50991
KY,21075,5969
KY,21077,8869
KY,21079,17666
KY,21081,25069
KY,21083,37266
KY,21085,26427
KY,21087,10941
KY,21089,35098
KY,21091,8722
KY,21093,110958
KY,21095,26010
KY,21097,18886
KY,21099,19035
KY,21101,45210
KY,21103,16126
KY,21105,4380
KY,21107,44686
KY,21109,13329
KY,21111,766757
KY,21113,54115
KY,21115,22188
KY,21117,166998
KY,21119,14806
KY,21121,31145
KY,21123,14398
KY,21125,60813
KY,21127,15317
KY,21129,7403
KY,21131,9877
KY,21133,21553
KY,21135,13275
KY,21137,24549
KY,21139,9194
KY,21141,27102
KY,21143,8210
KY,21145,65418
KY,21147,17231
KY,21149,9207
KY,21151,92987
KY,21153,12161
KY,21155,19273
KY,21157,31100
KY,21159,11195
KY,21161,17070
KY,21163,28572
KY,21165,6489
KY,21167,21933
KY,21169,10071
KY,21171,10650
KY,21173,28157
KY,21175,13309
KY,21177,30622
KY,21179,46233
KY,21181,7269
KY,21183,23994
KY,21185,66799
KY,21187,10901
KY,21189,4415
KY,21191,14590
KY,21193,25758
KY,21195,57876
KY,21197,12359
KY,21199,64979
KY,21201,2108
KY,21203,16695
KY,21205,24460
KY,21207,17923
KY,21209,57004
KY,21211,49024
KY,21213,18572
KY,21215,19351
KY,21217,25769
KY,21219,12294
KY,21221,14651
KY,21223,8471
KY,21225,14381
KY,21227,132896
KY,21229,12095
KY,21231,20333
KY,21233,12942
KY,21235,36264
KY,21237,7157
KY,21239,26734
LA,00022,4648794
LA,22001,62045
LA,22003,25627
LA,22005,126604
LA,22007,21891
LA,22009,40144
LA,22011,37497
LA,22013,13241
LA,22015,127039
LA,22017,240204
LA,22019,203436
LA,22021,9918
LA,22023,6973
LA,22025,9494
LA,22027,15670
LA,22029,19259
LA,22031,27463
LA,22033,440059
LA,22035,6861
LA,22037,19135
LA,22039,33395
LA,22041,20015
LA,22043,22389
LA,22045,69830
LA,22047,32511
LA,22049,15744
LA,22051,432493
LA,22053,31368
LA,22055,244390
LA,22057,97614
LA,22059,14892
LA,22061,46742
LA,22063,140789
LA,22065,10951
LA,22067,24874
LA,22069,38158
LA,22071,390144
LA,22073,153279
LA,22075,23197
LA,22077,21730
LA,22079,129648
LA,22081,8442
LA,22083,20122
LA,22085,23884
LA,22087,47244
LA,22089,53100
LA,22091,10132
LA,22093,21096
LA,22095,42837
LA,22097,82124
LA,22099,53431
LA,22101,49348
LA,22103,260419
LA,22105,134758
LA,22107,4334
LA,22109,110461
LA,22111,22108
LA,22113,59511
LA,22115,47429
LA,22117,46194
LA,22119,38340
LA,22121,26465
LA,22123,10830
LA,22125,15568
LA,22127,13904
ME,00023,1344212
ME,23001,108277
ME,23003,67055
ME,23005,295003
ME,23007,30199
ME,23009,54987
ME,23011,122302
ME,23013,39772
ME,23015,34634
ME,23017,57975
ME,23019,152148
ME,23021,16785
ME,23023,35856
ME,23025,50484
ME,23027,39715
ME,23029,31379
ME,23031,207641
MD,00024,6045680
MD,24001,70416
MD,24003,579234
MD,24005,827370
MD,24009,92525
MD,24011,33406
MD,24013,168447
MD,24015,102855
MD,24017,163257
MD,24019,31929
MD,24021,259547
MD,24023,29014
MD,24025,255441
MD,24027,325690
MD,24029,19422
MD,24031,1050688
MD,24033,909327
MD,24035,50381
MD,24037,113510
MD,24039,25616
MD,24041,37181
MD,24043,151049
MD,24045,103609
MD,24047,52276
MD,24510,593490
MA,00025,6892503
MA,25001,212990
MA,25003,124944
MA,25005,565217
MA,25007,17332
MA,25009,789034
MA,25011,70180
MA,25013,466372
MA,25015,160830
MA,25017,1611699
MA,25019,11399
MA,25021,706775
MA,25023,521202
MA,25025,803907
MA,25027,830622
MI,00026,9986857
MI,26001,10405
MI,26003,9108
MI,26005,118081
MI,26007,28405
MI,26009,23324
MI,26011,14883
MI,26013,8209
MI,26015,61550
MI,26017,103126
MI,26019,17766
MI,26021,153401
MI,26023,43517
MI,26025,134159
MI,26027,51787
MI,26029,26143
MI,26031,25276
MI,26033,37349
MI,26035,30950
MI,26037,79595
MI,26039,14029
MI,26041,35784
MI,26043,25239
MI,26045,110268
MI,26047,33415
MI,26049,405813
MI,26051,25449
MI,26053,13975
MI,26055,93088
MI,26057,40711
MI,26059,45605
MI,26061,35684
MI,26063,30981
MI,26065,292406
MI,26067,64697
MI,26069,25127
MI,26071,11066
MI,26073,69872
MI,26075,158510
MI,26077,265066
MI,26079,18038
MI,26081,656955
MI,26083,2116
MI,26085,11853
MI,26087,87607
MI,26089,21761
MI,26091,98451
MI,26093,191995
MI,26095,6229
MI,26097,10799
MI,26099,873972
MI,26101,24558
MI,26103,66699
MI,26105,29144
MI,26107,43453
MI,26109,22780
MI,26111,83156
MI,26113,15118
MI,26115,150500
MI,26117,63888
MI,26119,9328
MI,26121,173566
MI,26123,48980
MI,26125,1257584
MI,26127,26467
MI,26129,20997
MI,26131,5720
MI,26133,23460
MI,26135,8241
MI,26137,24668
MI,26139,291830
MI,26141,12592
MI,26143,24019
MI,26145,190539
MI,26147,159128
MI,26149,60964
MI,26151,41170
MI,26153,8094
MI,26155,68122
MI,26157,52245
MI,26159,75677
MI,26161,367601
MI,26163,1749343
MI,26165,33631
MN,00027,5639632
MN,27001,15886
MN,27003,356921
MN,27005,34423
MN,27007,47188
MN,27009,40889
MN,27011,4991
MN,27013,67653
MN,27015,25008
MN,27017,35871
MN,27019,105089
MN,27021,29779
MN,27023,11800
MN,27025,56579
MN,27027,64222
MN,27029,8818
MN,27031,5463
MN,27033,11196
MN,27035,65055
MN,27037,429021
MN,27039,20934
MN,27041,38141
MN,27043,13653
MN,27045,21067
MN,27047,30281
MN,27049,46340
MN,27051,5972
MN,27053,1265843
MN,27055,18600
MN,27057,21491
MN,27059,40596
MN,27061,45130
MN,27063,9846
MN,27065,16337
MN,27067,43199
MN,27069,4298
MN,27071,12229
MN,27073,6623
MN,27075,10641
MN,27077,3740
MN,27079,28887
MN,27081,5639
MN,27083,25474
MN,27085,35893
MN,27087,5527
MN,27089,9336
MN,27091,19683
MN,27093,23222
MN,27095,26277
MN,27097,33386
MN,27099,40062
MN,27101,8194
MN,27103,34274
MN,27105,21629
MN,27107,6375
MN,27109,158293
MN,27111,58746
MN,27113,14119
MN,27115,29579
MN,27117,9126
MN,27119,31364
MN,27121,11249
MN,27123,550321
MN,27125,4055
MN,27127,15170
MN,27129,14548
MN,27131,66972
MN,27133,9315
MN,27135,15165
MN,27137,199070
MN,27139,149013
MN,27141,97238
MN,27143,14865
MN,27145,161075
MN,27147,36649
MN,27149,9805
MN,27151,9266
MN,27153,24664
MN,27155,3259
MN,27157,21627
MN,27159,13682
MN,27161,18612
MN,27163,262440
MN,27165,10897
MN,27167,6207
MN,27169,50484
MN,27171,138377
MN,27173,9709
MS,00028,2976149
MS,28001,30693
MS,28003,36953
MS,28005,12297
MS,28007,18174
MS,28009,8259
MS,28011,30628
MS,28013,14361
MS,28015,9947
MS,28017,17103
MS,28019,8210
MS,28021,8988
MS,28023,15541
MS,28025,19316
MS,28027,22124
MS,28029,28065
MS,28031,18636
MS,28033,184945
MS,28035,74897
MS,28037,7713
MS,28039,24500
MS,28041,13586
MS,28043,20758
MS,28045,47632
MS,28047,208080
MS,28049,231840
MS,28051,17010
MS,28053,8064
MS,28055,1327
MS,28057,23390
MS,28059,143617
MS,28061,16383
MS,28063,6990
MS,28065,11128
MS,28067,68098
MS,28069,9742
MS,28071,54019
MS,28073,63343
MS,28075,74125
MS,28077,12586
MS,28079,22786
MS,28081,85436
MS,28083,28183
MS,28085,34153
MS,28087,58595
MS,28089,106272
MS,28091,24573
MS,28093,35294
MS,28095,35252
MS,28097,9775
MS,28099,29118
MS,28101,21018
MS,28103,10417
MS,28105,49587
MS,28107,34192
MS,28109,55535
MS,28111,11973
MS,28113,39288
MS,28115,32174
MS,28117,25126
MS,28119,6792
MS,28121,155271
MS,28123,28124
MS,28125,4321
MS,28127,26658
MS,28129,15916
MS,28131,18336
MS,28133,25110
MS,28135,13809
MS,28137,28321
MS,28139,22015
MS,28141,19383
MS,28143,9632
MS,28145,28815
MS,28147,14286
MS,28149,45381
MS,28151,43909
MS,28153,20183
MS,28155,9689
MS,28157,8630
MS,28159,17955
MS,28161,12108
MS,28163,29690
MO,00029,6137428
MO,29001,25343
MO,29003,17712
MO,29005,5143
MO,29007,25388
MO,29009,35789
MO,29011,11754
MO,29013,16172
MO,29015,19443
MO,29017,12133
MO,29019,180463
MO,29021,87364
MO,29023,42478
MO,29025,9020
MO,29027,44743
MO,29029,46305
MO,29031,78871
MO,29033,8679
MO,29035,5982
MO,29037,105780
MO,29039,14349
MO,29041,7426
MO,29043,88595
MO,29045,6797
MO,29047,249948
MO,29049,20387
MO,29051,76745
MO,29053,17709
MO,29055,23920
MO,29057,7561
MO,29059,16878
MO,29061,8278
MO,29063,12547
MO,29065,15573
MO,29067,13185
MO,29069,29131
MO,29071,103967
MO,29073,14706
MO,29075,6571
MO,29077,293086
MO,29079,9850
MO,29081,8352
MO,29083,21824
MO,29085,9544
MO,29087,4403
MO,29089,10001
MO,29091,40117
MO,29093,10125
MO,29095,703011
MO,29097,121328
MO,29099,225081
MO,29101,54062
MO,29103,3959
MO,29105,35723
MO,29107,32708
MO,29109,38355
MO,29111,9776
MO,29113,59013
MO,29115,11920
MO,29117,15227
MO,29119,22837
MO,29121,15117
MO,29123,12088
MO,29125,8697
MO,29127,28530
MO,29129,3617
MO,29131,25619
MO,29133,13180
MO,29135,16132
MO,29137,8644
MO,29139,11551
MO,29141,20627
MO,29143,17076
MO,29145,58236
MO,29147,22092
MO,29149,10529
MO,29151,13615
MO,29153,9174
MO,29155,15805
MO,29157,19136
MO,29159,42339
MO,29161,44573
MO,29163,18302
MO,29165,104418
MO,29167,32149
MO,29169,52607
MO,29171,4696
MO,29173,10309
MO,29175,24748
MO,29177,23018
MO,29179,6270
MO,29181,13288
MO,29183,402022
MO,29185,9397
MO,29186,17894
MO,29187,67215
MO,29189,994205
MO,29195,22761
MO,29197,4660
MO,29199,4902
MO,29201,38280
MO,29203,8166
MO,29205,5930
MO,29207,29025
MO,29209,31952
MO,29211,6089
MO,29213,55928
MO,29215,25398
MO,29217,20563
MO,29219,35649
MO,29221,24730
MO,29223,12873
MO,29225,39592
MO,29227,2013
MO,29229,18289
MO,29510,300576
MT,00030,1068778
MT,30001,9453
MT,30003,13319
MT,30005,6681
MT,30007,6237
MT,30009,10725
MT,30011,1252
MT,30013,81366
MT,30015,5635
MT,30017,11402
MT,30019,1690
MT,30021,8613
MT,30023,9140
MT,30025,2846
MT,30027,11050
MT,30029,103806
MT,30031,114434
MT,30033,1258
MT,30035,13753
MT,30037,821
MT,30039,3379
MT,30041,16484
MT,30043,12221
MT,30045,2007
MT,30047,30458
MT,30049,69432
MT,30051,2337
MT,30053,19980
MT,30055,1664
MT,30057,8600
MT,30059,1862
MT,30061,4397
MT,30063,119600
MT,30065,4633
MT,30067,16606
MT,30069,487
MT,30071,3954
MT,30073,5911
MT,30075,1682
MT,30077,6890
MT,30079,1077
MT,30081,43806
MT,30083,10803
MT,30085,11004
MT,30087,8937
MT,30089,12113
MT,30091,3309
MT,30093,34915
MT,30095,9642
MT,30097,3737
MT,30099,6147
MT,30101,4736
MT,30103,696
MT,30105,7396
MT,30107,2126
MT,30109,969
MT,30111,161300
NE,00031,1934408
NE,31001,31363
NE,31003,6298
NE,31005,463
NE,31007,745
NE,31009,465
NE,31011,5192
NE,31013,10783
NE,31015,1919
NE,31017,2955
NE,31019,49659
NE,31021,6459
NE,31023,8016
NE,31025,26248
NE,31027,8402
NE,31029,3924
NE,31031,5689
NE,31033,8910
NE,31035,6203
NE,31037,10709
NE,31039,8846
NE,31041,10777
NE,31043,20026
NE,31045,8589
NE,31047,23595
NE,31049,1794
NE,31051,5636
NE,31053,36565
NE,31055,571327
NE,31057,1693
NE,31059,5462
NE,31061,2979
NE,31063,2627
NE,31065,4676
NE,31067,21513
NE,31069,1837
NE,31071,1969
NE,31073,1990
NE,31075,623
NE,31077,2356
NE,31079,61353
NE,31081,9324
NE,31083,3380
NE,31085,922
NE,31087,2762
NE,31089,10067
NE,31091,682
NE,31093,6445
NE,31095,7046
NE,31097,5071
NE,31099,6495
NE,31101,8034
NE,31103,806
NE,31105,3632
NE,31107,8332
NE,31109,319090
NE,31111,34914
NE,31113,748
NE,31115,664
NE,31117,494
NE,31119,35099
NE,31121,7755
NE,31123,4642
NE,31125,3519
NE,31127,6972
NE,31129,4148
NE,31131,16012
NE,31133,2613
NE,31135,2891
NE,31137,9034
NE,31139,7148
NE,31141,33470
NE,31143,5213
NE,31145,10724
NE,31147,7865
NE,31149,1357
NE,31151,14224
NE,31153,187196
NE,31155,21578
NE,31157,35618
NE,31159,17284
NE,31161,5246
NE,31163,3001
NE,31165,1166
NE,31167,5920
NE,31169,5003
NE,31171,722
NE,31173,7224
NE,31175,4158
NE,31177,20729
NE,31179,9385
NE,31181,3487
NE,31183,783
NE,31185,13679
NV,00032,3080156
NV,32001,24909
NV,32003,2266715
NV,32005,48905
NV,32007,52778
NV,32009,873
NV,32011,2029
NV,32013,16831
NV,32015,5532
NV,32017,5183
NV,32019,57510
NV,32021,4505
NV,32023,46523
NV,32027,6725
NV,32029,4123
NV,32031,471519
NV,32033,9580
NV,32510,55916
NH,00033,1359711
NH,33001,61303
NH,33003,48910
NH,33005,76085
NH,33007,31563
NH,33009,89886
NH,33011,417025
NH,33013,151391
NH,33015,309769
NH,33017,130633
NH,33019,43146
NJ,00034,8882190
NJ,34001,263670
NJ,34003,932202
NJ,34005,445349
NJ,34007,506471
NJ,34009,92039
NJ,34011,149527
NJ,34013,798975
NJ,34015,291636
NJ,34017,672391
NJ,34019,124371
NJ,34021,367430
NJ,34023,825062
NJ,34025,618795
NJ,34027,491845
NJ,34029,607186
NJ,34031,501826
NJ,34033,62385
NJ,34035,328934
NJ,34037,140488
NJ,34039,556341
NJ,34041,105267
NM,00035,2096829
NM,35001,679121
NM,35003,3527
NM,35005,64615
NM,35006,26675
NM,35007,11941
NM,35009,48954
NM,35011,1748
NM,35013,218195
NM,35015,58460
NM,35017,26998
NM,35019,4300
NM,35021,625
NM,35023,4198
NM,35025,71070
NM,35027,19572
NM,35028,19369
NM,35029,23709
NM,35031,71367
NM,35033,4521
NM,35035,67490
NM,35037,8253
NM,35039,38921
NM,35041,18500
NM,35043,146748
NM,35045,123958
NM,35047,27277
NM,35049,150358
NM,35051,10791
NM,35053,16637
NM,35055,32723
NM,35057,15461
NM,35059,4059
NM,35061,76688
NY,00036,19453561
NY,36001,305506
NY,36003,46091
NY,36005,1418207
NY,36007,190488
NY,36009,76117
NY,36011,76576
NY,36013,126903
NY,36015,83456
NY,36017,47207
NY,36019,80485
NY,36021,59461
NY,36023,47581
NY,36025,44135
NY,36027,294218
NY,36029,918702
NY,36031,36885
NY,36033,50022
NY,36035,53383
NY,36037,57280
NY,36039,47188
NY,36041,4416
NY,36043,61319
NY,36045,109834
NY,36047,2559903
NY,36049,26296
NY,36051,62914
NY,36053,70941
NY,36055,741770
NY,36057,49221
NY,36059,1356924
NY,36061,1628706
NY,36063,209281
NY,36065,228671
NY,36067,460528
NY,36069,109777
NY,36071,384940
NY,36073,40352
NY,36075,117124
NY,36077,59493
NY,36079,98320
NY,36081,2253858
NY,36083,158714
NY,36085,476143
NY,36087,325789
NY,36089,107740
NY,36091,229863
NY,36093,155299
NY,36095,30999
NY,36097,17807
NY,36099,34016
NY,36101,95379
NY,36103,1476601
NY,36105,75432
NY,36107,48203
NY,36109,102180
NY,36111,177573
NY,36113,63944
NY,36115,61204
NY,36117,89918
NY,36119,967506
NY,36121,39859
NY,36123,24913
NC,00037,10488084
NC,37001,169509
NC,37003,37497
NC,37005,11137
NC,37007,24446
NC,37009,27203
NC,37011,17557
NC,37013,46994
NC,37015,18947
NC,37017,32722
NC,37019,142820
NC,37021,261191
NC,37023,90485
NC,37025,216453
NC,37027,82178
NC,37029,10867
NC,37031,69473
NC,37033,22604
NC,37035,159551
NC,37037,74470
NC,37039,28612
NC,37041,13943
NC,37043,11231
NC,37045,97947
NC,37047,55508
NC,37049,102139
NC,37051,335509
NC,37053,27763
NC,37055,37009
NC,37057,167609
NC,37059,42846
NC,37061,58741
NC,37063,321488
NC,37065,51472
NC,37067,382295
NC,37069,69685
NC,37071,224529
NC,37073,11562
NC,37075,8441
NC,37077,60443
NC,37079,21069
NC,37081,537174
NC,37083,50010
NC,37085,135976
NC,37087,62317
NC,37089,117417
NC,37091,23677
NC,37093,55234
NC,37095,4937
NC,37097,181806
NC,37099,43938
NC,37101,209339
NC,37103,9419
NC,37105,61779
NC,37107,55949
NC,37109,86111
NC,37111,45756
NC,37113,35858
NC,37115,21755
NC,37117,22440
NC,37119,1110356
NC,37121,14964
NC,37123,27173
NC,37125,100880
NC,37127,94298
NC,37129,234473
NC,37131,19483
NC,37133,197938
NC,37135,148476
NC,37137,12726
NC,37139,39824
NC,37141,63060
NC,37143,13463
NC,37145,39490
NC,37147,180742
NC,37149,20724
NC,37151,143667
NC,37153,44829
NC,37155,130625
NC,37157,91010
NC,37159,142088
NC,37161,67029
NC,37163,63531
NC,37165,34823
NC,37167,62806
NC,37169,45591
NC,37171,71783
NC,37173,14271
NC,37175,34385
NC,37177,4016
NC,37179,239859
NC,37181,44535
NC,37183,1111761
NC,37185,19731
NC,37187,11580
NC,37189,56177
NC,37191,123131
NC,37193,68412
NC,37195,81801
NC,37197,37667
NC,37199,18069
ND,00038,762062
ND,38001,2216
ND,38003,10415
ND,38005,6832
ND,38007,928
ND,38009,6282
ND,38011,3024
ND,38013,2115
ND,38015,95626
ND,38017,181923
ND,38019,3762
ND,38021,4872
ND,38023,2264
ND,38025,4424
ND,38027,2287
ND,38029,3241
ND,38031,3210
ND,38033,1761
ND,38035,69451
ND,38037,2274
ND,38039,2231
ND,38041,2499
ND,38043,2480
ND,38045,4046
ND,38047,1850
ND,38049,5745
ND,38051,2497
ND,38053,15024
ND,38055,9450
ND,38057,8187
ND,38059,31364
ND,38061,10545
ND,38063,2879
ND,38065,1959
ND,38067,6801
ND,38069,3975
ND,38071,11519
ND,38073,5218
ND,38075,2327
ND,38077,16177
ND,38079,14176
ND,38081,3898
ND,38083,1315
ND,38085,4230
ND,38087,750
ND,38089,31489
ND,38091,1890
ND,38093,20704
ND,38095,2189
ND,38097,8036
ND,38099,10641
ND,38101,67641
ND,38103,3834
ND,38105,37589
OH,00039,11689100
OH,39001,27698
OH,39003,102351
OH,39005,53484
OH,39007,97241
OH,39009,65327
OH,39011,45656
OH,39013,67006
OH,39015,43432
OH,39017,383134
OH,39019,26914
OH,39021,38885
OH,39023,134083
OH,39025,206428
OH,39027,41968
OH,39029,101883
OH,39031,36600
OH,39033,41494
OH,39035,1235072
OH,39037,51113
OH,39039,38087
OH,39041,209177
OH,39043,74266
OH,39045,157574
OH,39047,28525
OH,39049,1316756
OH,39051,42126
OH,39053,29898
OH,39055,93649
OH,39057,168937
OH,39059,38875
OH,39061,817473
OH,39063,75783
OH,39065,31365
OH,39067,15040
OH,39069,27006
OH,39071,43161
OH,39073,28264
OH,39075,43960
OH,39077,58266
OH,39079,32413
OH,39081,65325
OH,39083,62322
OH,39085,230149
OH,39087,59463
OH,39089,176862
OH,39091,45672
OH,39093,309833
OH,39095,428348
OH,39097,44731
OH,39099,228683
OH,39101,65093
OH,39103,179746
OH,39105,22907
OH,39107,41172
OH,39109,106987
OH,39111,13654
OH,39113,531687
OH,39115,14508
OH,39117,35328
OH,39119,86215
OH,39121,14424
OH,39123,40525
OH,39125,18672
OH,39127,36134
OH,39129,58457
OH,39131,27772
OH,39133,162466
OH,39135,40882
OH,39137,33861
OH,39139,121154
OH,39141,76666
OH,39143,58518
OH,39145,75314
OH,39147,55178
OH,39149,48590
OH,39151,370606
OH,39153,541013
OH,39155,197974
OH,39157,91987
OH,39159,58988
OH,39161,28275
OH,39163,13085
OH,39165,234602
OH,39167,59911
OH,39169,115710
OH,39171,36692
OH,39173,130817
OH,39175,21772
OK,00040,3956971
OK,40001,22194
OK,40003,5702
OK,40005,13758
OK,40007,5311
OK,40009,21859
OK,40011,9429
OK,40013,47995
OK,40015,28762
OK,40017,148306
OK,40019,48111
OK,40021,48657
OK,40023,14672
OK,40025,2137
OK,40027,284014
OK,40029,5495
OK,40031,120749
OK,40033,5666
OK,40035,14142
OK,40037,71522
OK,40039,29003
OK,40041,43009
OK,40043,4891
OK,40045,3859
OK,40047,61056
OK,40049,27711
OK,40051,55834
OK,40053,4333
OK,40055,5712
OK,40057,2653
OK,40059,3688
OK,40061,12627
OK,40063,13279
OK,40065,24530
OK,40067,6002
OK,40069,11085
OK,40071,43538
OK,40073,15765
OK,40075,8708
OK,40077,10073
OK,40079,49853
OK,40081,34877
OK,40083,48011
OK,40085,10253
OK,40087,40474
OK,40089,32832
OK,40091,19596
OK,40093,7629
OK,40095,16931
OK,40097,41100
OK,40099,14073
OK,40101,67997
OK,40103,11131
OK,40105,10076
OK,40107,11993
OK,40109,797434
OK,40111,38465
OK,40113,46963
OK,40115,31127
OK,40117,16376
OK,40119,81784
OK,40121,43654
OK,40123,38284
OK,40125,72592
OK,40127,11096
OK,40129,3583
OK,40131,92459
OK,40133,24258
OK,40135,41569
OK,40137,43143
OK,40139,19983
OK,40141,7250
OK,40143,651552
OK,40145,81289
OK,40147,51527
OK,40149,10916
OK,40151,8793
OK,40153,20211
OR,00041,4217737
OR,41001,16124
OR,41003,93053
OR,41005,418187
OR,41007,40224
OR,41009,52354
OR,41011,64487
OR,41013,24404
OR,41015,22925
OR,41017,197692
OR,41019,110980
OR,41021,1912
OR,41023,7199
OR,41025,7393
OR,41027,23382
OR,41029,220944
OR,41031,24658
OR,41033,87487
OR,41035,68238
OR,41037,7869
OR,41039,382067
OR,41041,49962
OR,41043,129749
OR,41045,30571
OR,41047,347818
OR,41049,11603
OR,41051,812855
OR,41053,86085
OR,41055,1780
OR,41057,27036
OR,41059,77950
OR,41061,26835
OR,41063,7208
OR,41065,26682
OR,41067,601592
OR,41069,1332
OR,41071,107100
PA,00042,12801989
PA,42001,103009
PA,42003,1216045
PA,42005,64735
PA,42007,163929
PA,42009,47888
PA,42011,421164
PA,42013,121829
PA,42015,60323
PA,42017,628270
PA,42019,187853
PA,42021,130192
PA,42023,4447
PA,42025,64182
PA,42027,162385
PA,42029,524989
PA,42031,38438
PA,42033,79255
PA,42035,38632
PA,42037,64964
PA,42039,84629
PA,42041,253370
PA,42043,278299
PA,42045,566747
PA,42047,29910
PA,42049,269728
PA,42051,129274
PA,42053,7247
PA,42055,155027
PA,42057,14530
PA,42059,36233
PA,42061,45144
PA,42063,84073
PA,42065,43425
PA,42067,24763
PA,42069,209674
PA,42071,545724
PA,42073,85512
PA,42075,141793
PA,42077,369318
PA,42079,317417
PA,42081,113299
PA,42083,40625
PA,42085,109424
PA,42087,46138
PA,42089,170271
PA,42091,830915
PA,42093,18230
PA,42095,305285
PA,42097,90843
PA,42099,46272
PA,42101,1584064
PA,42103,55809
PA,42105,16526
PA,42107,141359
PA,42109,40372
PA,42111,73447
PA,42113,6066
PA,42115,40328
PA,42117,40591
PA,42119,44923
PA,42121,50668
PA,42123,39191
PA,42125,206865
PA,42127,51361
PA,42129,348899
PA,42131,26794
PA,42133,449058
RI,00044,1059361
RI,44001,48479
RI,44003,164292
RI,44005,82082
RI,44007,638931
RI,44009,125577
SC,00045,5148714
SC,45001,24527
SC,45003,170872
SC,45005,8688
SC,45007,202558
SC,45009,14066
SC,45011,20866
SC,45013,192122
SC,45015,227907
SC,45017,14553
SC,45019,411406
SC,45021,57300
SC,45023,32244
SC,45025,45650
SC,45027,33745
SC,45029,37677
SC,45031,66618
SC,45033,30479
SC,45035,162809
SC,45037,27260
SC,45039,22347
SC,45041,138293
SC,45043,62680
SC,45045,523542
SC,45047,70811
SC,45049,19222
SC,45051,354081
SC,45053,30073
SC,45055,66551
SC,45057,98012
SC,45059,67493
SC,45061,16828
SC,45063,298750
SC,45065,9463
SC,45067,30657
SC,45069,26118
SC,45071,38440
SC,45073,79546
SC,45075,86175
SC,45077,126884
SC,45079,415759
SC,45081,20473
SC,45083,319785
SC,45085,106721
SC,45087,27316
SC,45089,30368
SC,45091,280979
SD,00046,884659
SD,46003,2751
SD,46005,18453
SD,46007,3365
SD,46009,6901
SD,46011,35077
SD,46013,38839
SD,46015,5297
SD,46017,1962
SD,46019,10429
SD,46021,1376
SD,46023,9292
SD,46025,3736
SD,46027,14070
SD,46029,28009
SD,46031,4086
SD,46033,8972
SD,46035,19775
SD,46037,5424
SD,46039,4351
SD,46041,5892
SD,46043,2921
SD,46045,3829
SD,46047,6713
SD,46049,2299
SD,46051,7052
SD,46053,4185
SD,46055,1899
SD,46057,6164
SD,46059,3191
SD,46061,3453
SD,46063,1298
SD,46065,17526
SD,46067,7291
SD,46069,1301
SD,46071,3344
SD,46073,2013
SD,46075,903
SD,46077,4939
SD,46079,12797
SD,46081,25844
SD,46083,61128
SD,46085,3781
SD,46087,5586
SD,46089,2379
SD,46091,4935
SD,46093,28332
SD,46095,2061
SD,46097,2216
SD,46099,193134
SD,46101,6576
SD,46102,14177
SD,46103,113775
SD,46105,2865
SD,46107,2153
SD,46109,10394
SD,46111,2344
SD,46115,6376
SD,46117,3098
SD,46119,1391
SD,46121,10177
SD,46123,5441
SD,46125,8384
SD,46127,15932
SD,46129,5435
SD,46135,22814
SD,46137,2756
TN,00047,6829174
TN,47001,76978
TN,47003,49713
TN,47005,16160
TN,47007,15064
TN,47009,133088
TN,47011,108110
TN,47013,39842
TN,47015,14678
TN,47017,27767
TN,47019,56391
TN,47021,40667
TN,47023,17297
TN,47025,31959
TN,47027,7615
TN,47029,36004
TN,47031,56520
TN,47033,14230
TN,47035,60520
TN,47037,694144
TN,47039,11663
TN,47041,20490
TN,47043,53948
TN,47045,37159
TN,47047,41133
TN,47049,18523
TN,47051,42208
TN,47053,49133
TN,47055,29464
TN,47057,23320
TN,47059,69069
TN,47061,13427
TN,47063,64934
TN,47065,367804
TN,47067,6620
TN,47069,25050
TN,47071,25652
TN,47073,56786
TN,47075,17304
TN,47077,28117
TN,47079,32345
TN,47081,25178
TN,47083,8201
TN,47085,18582
TN,47087,11786
TN,47089,54495
TN,47091,17788
TN,47093,470313
TN,47095,7016
TN,47097,25633
TN,47099,44142
TN,47101,12268
TN,47103,34366
TN,47105,54068
TN,47107,53794
TN,47109,25694
TN,47111,24602
TN,47113,97984
TN,47115,28907
TN,47117,34375
TN,47119,96387
TN,47121,12422
TN,47123,46545
TN,47125,208993
TN,47127,6488
TN,47129,21403
TN,47131,30069
TN,47133,22241
TN,47135,8076
TN,47137,5048
TN,47139,16832
TN,47141,80245
TN,47143,33167
TN,47145,53382
TN,47147,71813
TN,47149,332285
TN,47151,22068
TN,47153,15026
TN,47155,98250
TN,47157,937166
TN,47159,20157
TN,47161,13715
TN,47163,158348
TN,47165,191283
TN,47167,61599
TN,47169,11284
TN,47171,17883
TN,47173,19972
TN,47175,5872
TN,47177,41277
TN,47179,129375
TN,47181,16673
TN,47183,33328
TN,47185,27345
TN,47187,238412
TN,47189,144657
TX,00048,28995881
TX,48001,57735
TX,48003,18705
TX,48005,86715
TX,48007,23510
TX,48009,8553
TX,48011,1887
TX,48013,51153
TX,48015,30032
TX,48017,7000
TX,48019,23112
TX,48021,88723
TX,48023,3509
TX,48025,32565
TX,48027,362924
TX,48029,2003554
TX,48031,11931
TX,48033,654
TX,48035,18685
TX,48037,93245
TX,48039,374264
TX,48041,229211
TX,48043,9203
TX,48045,1546
TX,48047,7093
TX,48049,37864
TX,48051,18443
TX,48053,48155
TX,48055,43664
TX,48057,21290
TX,48059,13943
TX,48061,423163
TX,48063,13094
TX,48065,5926
TX,48067,30026
TX,48069,7530
TX,48071,43837
TX,48073,52646
TX,48075,7306
TX,48077,10471
TX,48079,2853
TX,48081,3387
TX,48083,8175
TX,48085,1034730
TX,48087,2920
TX,48089,21493
TX,48091,156209
TX,48093,13635
TX,48095,2726
TX,48097,41257
TX,48099,75951
TX,48101,1398
TX,48103,4797
TX,48105,3464
TX,48107,5737
TX,48109,2171
TX,48111,7287
TX,48113,2635516
TX,48115,12728
TX,48117,18546
TX,48119,5331
TX,48121,887207
TX,48123,20160
TX,48125,2211
TX,48127,10124
TX,48129,3278
TX,48131,11157
TX,48133,18360
TX,48135,166223
TX,48137,1932
TX,48139,184826
TX,48141,839238
TX,48143,42698
TX,48145,17297
TX,48147,35514
TX,48149,25346
TX,48151,3830
TX,48153,5712
TX,48155,1155
TX,48157,811688
TX,48159,10725
TX,48161,19717
TX,48163,20306
TX,48165,21492
TX,48167,342139
TX,48169,6229
TX,48171,26988
TX,48173,1409
TX,48175,7658
TX,48177,20837
TX,48179,21886
TX,48181,136212
TX,48183,123945
TX,48185,28880
TX,48187,166847
TX,48189,33406
TX,48191,2964
TX,48193,8461
TX,48195,5399
TX,48197,3933
TX,48199,57602
TX,48201,4713325
TX,48203,66553
TX,48205,5576
TX,48207,5658
TX,48209,230191
TX,48211,3819
TX,48213,82737
TX,48215,868707
TX,48217,36649
TX,48219,23021
TX,48221,61643
TX,48223,37084
TX,48225,22968
TX,48227,36664
TX,48229,4886
TX,48231,98594
TX,48233,20938
TX,48235,1536
TX,48237,8935
TX,48239,14760
TX,48241,35529
TX,48243,2274
TX,48245,251565
TX,48247,5200
TX,48249,40482
TX,48251,175817
TX,48253,20083
TX,48255,15601
TX,48257,136154
TX,48259,47431
TX,48261,404
TX,48263,762
TX,48265,52600
TX,48267,4337
TX,48269,272
TX,48271,3667
TX,48273,30680
TX,48275,3664
TX,48277,49859
TX,48279,12893
TX,48281,21428
TX,48283,7520
TX,48285,20154
TX,48287,17239
TX,48289,17404
TX,48291,88219
TX,48293,23437
TX,48295,3233
TX,48297,12207
TX,48299,21795
TX,48301,169
TX,48303,310569
TX,48305,5951
TX,48307,7984
TX,48309,256623
TX,48311,743
TX,48313,14284
TX,48315,9854
TX,48317,5771
TX,48319,4274
TX,48321,36643
TX,48323,58722
TX,48325,51584
TX,48327,2138
TX,48329,176832
TX,48331,24823
TX,48333,4873
TX,48335,8545
TX,48337,19818
TX,48339,607391
TX,48341,20940
TX,48343,12388
TX,48345,1200
TX,48347,65204
TX,48349,50113
TX,48351,13595
TX,48353,14714
TX,48355,362294
TX,48357,9836
TX,48359,2112
TX,48361,83396
TX,48363,29189
TX,48365,23194
TX,48367,142878
TX,48369,9605
TX,48371,15823
TX,48373,51353
TX,48375,117415
TX,48377,6704
TX,48379,12514
TX,48381,137713
TX,48383,3849
TX,48385,3452
TX,48387,12023
TX,48389,15976
TX,48391,6948
TX,48393,854
TX,48395,17074
TX,48397,104915
TX,48399,10264
TX,48401,54406
TX,48403,10542
TX,48405,8237
TX,48407,28859
TX,48409,66730
TX,48411,6055
TX,48413,2793
TX,48415,16703
TX,48417,3265
TX,48419,25274
TX,48421,3022
TX,48423,232751
TX,48425,9128
TX,48427,64633
TX,48429,9366
TX,48431,1291
TX,48433,1350
TX,48435,3776
TX,48437,7397
TX,48439,2102515
TX,48441,138034
TX,48443,776
TX,48445,12337
TX,48447,1501
TX,48449,32750
TX,48451,119200
TX,48453,1273954
TX,48455,14651
TX,48457,21672
TX,48459,41753
TX,48461,3657
TX,48463,26741
TX,48465,49025
TX,48467,56590
TX,48469,92084
TX,48471,72971
TX,48473,55246
TX,48475,11998
TX,48477,35882
TX,48479,276652
TX,48481,41556
TX,48483,5056
TX,48485,132230
TX,48487,12769
TX,48489,21358
TX,48491,590551
TX,48493,51070
TX,48495,8010
TX,48497,69984
TX,48499,45539
TX,48501,8713
TX,48503,18010
TX,48505,14179
TX,48507,11840
UT,00049,3205958
UT,49001,6710
UT,49003,56046
UT,49005,128289
UT,49007,20463
UT,49009,950
UT,49011,355481
UT,49013,19938
UT,49015,10012
UT,49017,5051
UT,49019,9754
UT,49021,54839
UT,49023,12017
UT,49025,7886
UT,49027,13188
UT,49029,12124
UT,49031,1479
UT,49033,2483
UT,49035,1160437
UT,49037,15308
UT,49039,30939
UT,49041,21620
UT,49043,42145
UT,49045,72259
UT,49047,35734
UT,49049,636235
UT,49051,34091
UT,49053,177556
UT,49055,2711
UT,49057,260213
VT,00050,623989
VT,50001,36777
VT,50003,35470
VT,50005,29993
VT,50007,163774
VT,50009,6163
VT,50011,49402
VT,50013,7235
VT,50015,25362
VT,50017,28892
VT,50019,27037
VT,50021,58191
VT,50023,58409
VT,50025,42222
VT,50027,55062
VA,00051,8535519
VA,51001,32316
VA,51003,109330
VA,51005,14860
VA,51007,13145
VA,51009,31605
VA,51011,15911
VA,51013,236842
VA,51015,75558
VA,51017,4147
VA,51019,78997
VA,51021,6280
VA,51023,33419
VA,51025,16231
VA,51027,21004
VA,51029,17148
VA,51031,54885
VA,51033,30725
VA,51035,29791
VA,51036,6963
VA,51037,11880
VA,51041,352802
VA,51043,14619
VA,51045,5131
VA,51047,52605
VA,51049,9932
VA,51051,14318
VA,51053,28544
VA,51057,10953
VA,51059,1147532
VA,51061,71222
VA,51063,15749
VA,51065,27270
VA,51067,56042
VA,51069,89313
VA,51071,16720
VA,51073,37348
VA,51075,23753
VA,51077,15550
VA,51079,19819
VA,51081,11336
VA,51083,33911
VA,51085,107766
VA,51087,330818
VA,51089,50557
VA,51091,2190
VA,51093,37109
VA,51095,76523
VA,51097,7025
VA,51099,26836
VA,51101,17148
VA,51103,10603
VA,51105,23423
VA,51107,413538
VA,51109,37591
VA,51111,12196
VA,51113,13261
VA,51115,8834
VA,51117,30587
VA,51119,10582
VA,51121,98535
VA,51125,14930
VA,51127,23091
VA,51131,11710
VA,51133,12095
VA,51135,15232
VA,51137,37051
VA,51139,23902
VA,51141,17608
VA,51143,60354
VA,51145,29652
VA,51147,22802
VA,51149,38353
VA,51153,470335
VA,51155,34027
VA,51157,7370
VA,51159,9023
VA,51161,94186
VA,51163,22573
VA,51165,81948
VA,51167,26586
VA,51169,21566
VA,51171,43616
VA,51173,30104
VA,51175,17631
VA,51177,136215
VA,51179,152882
VA,51181,6422
VA,51183,11159
VA,51185,40595
VA,51187,40164
VA,51191,53740
VA,51193,18015
VA,51195,37383
VA,51197,28684
VA,51199,68280
VA,51510,159428
VA,51520,16762
VA,51530,6478
VA,51540,47266
VA,51550,244835
VA,51570,17370
VA,51580,5538
VA,51590,40044
VA,51595,5346
VA,51600,24019
VA,51610,14617
VA,51620,7967
VA,51630,29036
VA,51640,6347
VA,51650,134510
VA,51660,53016
VA,51670,22529
VA,51678,7446
VA,51680,82168
VA,51683,41085
VA,51685,17478
VA,51690,12554
VA,51700,179225
VA,51710,242742
VA,51720,3981
VA,51730,31346
VA,51735,12271
VA,51740,94398
VA,51750,18249
VA,51760,230436
VA,51770,99143
VA,51775,25301
VA,51790,24932
VA,51800,92108
VA,51810,449974
VA,51820,22630
VA,51830,14954
VA,51840,28078
WA,00053,7614893
WA,53001,19983
WA,53003,22582
WA,53005,204390
WA,53007,77200
WA,53009,77331
WA,53011,488241
WA,53013,3985
WA,53015,110593
WA,53017,43429
WA,53019,7627
WA,53021,95222
WA,53023,2225
WA,53025,97733
WA,53027,75061
WA,53029,85141
WA,53031,32221
WA,53033,2252782
WA,53035,271473
WA,53037,47935
WA,53039,22425
WA,53041,80707
WA,53043,10939
WA,53045,66768
WA,53047,42243
WA,53049,22471
WA,53051,13724
WA,53053,904980
WA,53055,17582
WA,53057,129205
WA,53059,12083
WA,53061,822083
WA,53063,522798
WA,53065,45723
WA,53067,290536
WA,53069,4488
WA,53071,60760
WA,53073,229247
WA,53075,50104
WA,53077,250873
WV,00054,1792147
WV,54001,16441
WV,54003,119171
WV,54005,21457
WV,54007,13957
WV,54009,21939
WV,54011,91945
WV,54013,7109
WV,54015,8508
WV,54017,8448
WV,54019,42406
WV,54021,7823
WV,54023,11568
WV,54025,34662
WV,54027,23175
WV,54029,28810
WV,54031,13776
WV,54033,67256
WV,54035,28576
WV,54037,57146
WV,54039,178124
WV,54041,15907
WV,54043,20409
WV,54045,32019
WV,54047,17624
WV,54049,56072
WV,54051,30531
WV,54053,26516
WV,54055,58758
WV,54057,26868
WV,54059,23424
WV,54061,105612
WV,54063,13275
WV,54065,17884
WV,54067,24496
WV,54069,41411
WV,54071,6969
WV,54073,7460
WV,54075,8247
WV,54077,33432
WV,54079,56450
WV,54081,73361
WV,54083,28695
WV,54085,9554
WV,54087,13688
WV,54089,12573
WV,54091,16695
WV,54093,6839
WV,54095,8591
WV,54097,24176
WV,54099,39402
WV,54101,8114
WV,54103,15065
WV,54105,5821
WV,54107,83518
WV,54109,20394
WI,00055,5822434
WI,55001,20220
WI,55003,15562
WI,55005,45244
WI,55007,15036
WI,55009,264542
WI,55011,13031
WI,55013,15414
WI,55015,50089
WI,55017,64658
WI,55019,34774
WI,55021,57532
WI,55023,16131
WI,55025,546695
WI,55027,87839
WI,55029,27668
WI,55031,43150
WI,55033,45368
WI,55035,104646
WI,55037,4295
WI,55039,103403
WI,55041,9004
WI,55043,51439
WI,55045,36960
WI,55047,18913
WI,55049,23678
WI,55051,5687
WI,55053,20643
WI,55055,84769
WI,55057,26687
WI,55059,169561
WI,55061,20434
WI,55063,118016
WI,55065,16665
WI,55067,19189
WI,55069,27593
WI,55071,78981
WI,55073,135692
WI,55075,40350
WI,55077,15574
WI,55078,4556
WI,55079,945726
WI,55081,46253
WI,55083,37930
WI,55085,35595
WI,55087,187885
WI,55089,89221
WI,55091,7287
WI,55093,42754
WI,55095,43783
WI,55097,70772
WI,55099,13351
WI,55101,196311
WI,55103,17252
WI,55105,163354
WI,55107,14178
WI,55109,90687
WI,55111,64442
WI,55113,16558
WI,55115,40899
WI,55117,115340
WI,55119,20343
WI,55121,29649
WI,55123,30822
WI,55125,22195
WI,55127,103868
WI,55129,15720
WI,55131,136034
WI,55133,404198
WI,55135,50990
WI,55137,24443
WI,55139,171907
WI,55141,72999
WY,00056,578759
WY,56001,38880
WY,56003,11790
WY,56005,46341
WY,56007,14800
WY,56009,13822
WY,56011,7584
WY,56013,39261
WY,56015,13211
WY,56017,4413
WY,56019,8445
WY,56021,99500
WY,56023,19830
WY,56025,79858
WY,56027,2356
WY,56029,29194
WY,56031,8393
WY,56033,30485
WY,56035,9831
WY,56037,42343
WY,56039,23464
WY,56041,20226
WY,56043,7805
WY,56045,6927
US,USCA1,7739378
US,USDC1,5613442
US,USIL1,9568401
US,USNY1,19188145
US,USPA1,5999579
US,USTX1,2227083
